{
    "prepare_queue": {
        "installed": [],
        "uninstalled": []
    },
    "config_munge": {
        "files": {
            "config.xml": {
                "parents": {
                    "/*": [
                        {
                            "xml": "<feature name=\"CDVWKWebViewEngine\"><param name=\"ios-package\" value=\"CDVWKWebViewEngine\" /></feature>",
                            "count": 1
                        },
                        {
                            "xml": "<preference name=\"CordovaWebViewEngine\" value=\"CDVWKWebViewEngine\" />",
                            "count": 1
                        },
                        {
                            "xml": "<feature name=\"WebAppLocalServer\"><param name=\"ios-package\" value=\"METWebAppLocalServer\" /><param name=\"onload\" value=\"true\" /></feature>",
                            "count": 1
                        },
                        {
                            "xml": "<feature name=\"StatusBar\"><param name=\"ios-package\" value=\"CDVStatusBar\" /><param name=\"onload\" value=\"true\" /></feature>",
                            "count": 1
                        },
                        {
                            "xml": "<preference name=\"StatusBarOverlaysWebView\" value=\"true\" />",
                            "count": 1
                        },
                        {
                            "xml": "<preference name=\"StatusBarStyle\" value=\"lightcontent\" />",
                            "count": 1
                        },
                        {
                            "xml": "<feature name=\"SplashScreen\"><param name=\"ios-package\" value=\"CDVSplashScreen\" /><param name=\"onload\" value=\"true\" /></feature>",
                            "count": 1
                        }
                    ]
                }
            }
        }
    },
    "installed_plugins": {
        "cordova-plugin-whitelist": {
            "PACKAGE_NAME": "com.idop8cljpj1ibh.vurqtyo0mg"
        },
        "cordova-plugin-wkwebview-engine": {
            "PACKAGE_NAME": "com.idop8cljpj1ibh.vurqtyo0mg"
        },
        "cordova-plugin-meteor-webapp": {
            "PACKAGE_NAME": "com.idop8cljpj1ibh.vurqtyo0mg"
        },
        "cordova-plugin-statusbar": {
            "PACKAGE_NAME": "com.idop8cljpj1ibh.vurqtyo0mg"
        },
        "cordova-plugin-splashscreen": {
            "PACKAGE_NAME": "com.idop8cljpj1ibh.vurqtyo0mg"
        }
    },
    "dependent_plugins": {},
    "modules": [
        {
            "id": "cordova-plugin-wkwebview-engine.ios-wkwebview-exec",
            "file": "plugins/cordova-plugin-wkwebview-engine/src/www/ios/ios-wkwebview-exec.js",
            "pluginId": "cordova-plugin-wkwebview-engine",
            "clobbers": [
                "cordova.exec"
            ]
        },
        {
            "id": "cordova-plugin-meteor-webapp.WebAppLocalServer",
            "file": "plugins/cordova-plugin-meteor-webapp/www/webapp_local_server.js",
            "pluginId": "cordova-plugin-meteor-webapp",
            "merges": [
                "WebAppLocalServer"
            ]
        },
        {
            "id": "cordova-plugin-statusbar.statusbar",
            "file": "plugins/cordova-plugin-statusbar/www/statusbar.js",
            "pluginId": "cordova-plugin-statusbar",
            "clobbers": [
                "window.StatusBar"
            ]
        },
        {
            "id": "cordova-plugin-splashscreen.SplashScreen",
            "file": "plugins/cordova-plugin-splashscreen/www/splashscreen.js",
            "pluginId": "cordova-plugin-splashscreen",
            "clobbers": [
                "navigator.splashscreen"
            ]
        }
    ],
    "plugin_metadata": {
        "cordova-plugin-whitelist": "1.3.2",
        "cordova-plugin-wkwebview-engine": "1.1.3",
        "cordova-plugin-meteor-webapp": "1.4.0",
        "cordova-plugin-statusbar": "2.2.3",
        "cordova-plugin-splashscreen": "4.0.3"
    }
}